{
  "averageAngularVelocity" : 0.12136958539485931,
  "motionQuality" : 0.96532297134399414,
  "averageVelocity" : 0,
  "projectionMatrix" : [
    1.5366585254669189,
    0,
    -0.0065375566482543945,
    0,
    0,
    2.0488779544830322,
    -0.0029754638671875,
    0,
    0,
    0,
    -0.9999997615814209,
    -0.00099999981466680765,
    0,
    0,
    -1,
    0
  ],
  "cameraGrain" : 0,
  "frame_index" : 14,
  "cameraPoseARFrame" : [
    0.68674349784851074,
    -0.18018622696399689,
    0.70421344041824341,
    0.18142178654670715,
    -0.71470034122467041,
    0.0093699237331748009,
    0.6993679404258728,
    0.19052542746067047,
    -0.13261483609676361,
    -0.98358786106109619,
    -0.12234437465667725,
    -0.039656657725572586,
    0,
    0,
    0,
    1.0000001192092896
  ],
  "time" : 297500.87067083339,
  "intrinsics" : [
    1475.192138671875,
    0,
    965.7760009765625,
    0,
    1475.192138671875,
    717.357666015625,
    0,
    0,
    1
  ],
  "exposureDuration" : 0.01666666753590107
}