{
  "cameraPoseARFrame" : [
    0.11688855290412903,
    -0.9712986946105957,
    0.20716176927089691,
    0.061932958662509918,
    -0.71306699514389038,
    0.06311257928609848,
    0.69824928045272827,
    0.21116693317890167,
    -0.69128316640853882,
    -0.2293376624584198,
    -0.68522399663925171,
    -0.19629721343517303,
    0,
    0,
    0,
    1
  ],
  "time" : 297506.63638570841,
  "averageAngularVelocity" : 0.0087899863719940186,
  "cameraGrain" : 0,
  "frame_index" : 25,
  "averageVelocity" : 0,
  "exposureDuration" : 0.01666666753590107,
  "projectionMatrix" : [
    1.528456449508667,
    0,
    -0.0064219236373901367,
    0,
    0,
    2.0379419326782227,
    -0.002367854118347168,
    0,
    0,
    0,
    -0.9999997615814209,
    -0.00099999981466680765,
    0,
    0,
    -1,
    0
  ],
  "motionQuality" : 0.99644112586975098,
  "intrinsics" : [
    1467.3182373046875,
    0,
    965.6650390625,
    0,
    1467.3182373046875,
    717.795166015625,
    0,
    0,
    1
  ]
}