{
  "averageVelocity" : 0.093210689723491669,
  "cameraGrain" : 0,
  "cameraPoseARFrame" : [
    0.16187310218811035,
    0.98037588596343994,
    0.11251775920391083,
    0.053442485630512238,
    -0.72072458267211914,
    0.039569880813360214,
    0.69209122657775879,
    0.18195654451847076,
    0.6740572452545166,
    -0.19312512874603271,
    0.71298640966415405,
    0.18368461728096008,
    0,
    0,
    0,
    1.0000001192092896
  ],
  "exposureDuration" : 0.01666666753590107,
  "intrinsics" : [
    1478.62646484375,
    0,
    965.71282958984375,
    0,
    1478.62646484375,
    717.6942138671875,
    0,
    0,
    1
  ],
  "frame_index" : 6,
  "averageAngularVelocity" : 0.4439166784286499,
  "projectionMatrix" : [
    1.5402358770370483,
    0,
    -0.0064717531204223633,
    0,
    0,
    2.0536477565765381,
    -0.0025080442428588867,
    0,
    0,
    0,
    -0.9999997615814209,
    -0.00099999981466680765,
    0,
    0,
    -1,
    0
  ],
  "motionQuality" : 0.87316668033599854,
  "time" : 297496.70185616671
}