{
  "motionQuality" : 0.88502007722854614,
  "projectionMatrix" : [
    1.5395427942276001,
    0,
    -0.0064635276794433594,
    0,
    0,
    2.0527236461639404,
    -0.0025689601898193359,
    0,
    0,
    0,
    -0.9999997615814209,
    -0.00099999981466680765,
    0,
    0,
    -1,
    0
  ],
  "exposureDuration" : 0.01666666753590107,
  "cameraPoseARFrame" : [
    0.68735921382904053,
    -0.050269395112991333,
    0.72457605600357056,
    0.19086217880249023,
    -0.72390097379684448,
    0.033897999674081802,
    0.68907046318054199,
    0.19319839775562286,
    -0.059200786054134369,
    -0.99816024303436279,
    -0.013089890591800213,
    -0.017490573227405548,
    0,
    0,
    0,
    1
  ],
  "averageAngularVelocity" : 0.40242967009544373,
  "frame_index" : 13,
  "time" : 297500.33723412507,
  "intrinsics" : [
    1477.9610595703125,
    0,
    965.70501708984375,
    0,
    1477.9610595703125,
    717.65032958984375,
    0,
    0,
    1
  ],
  "averageVelocity" : 0.12936301529407501,
  "cameraGrain" : 0
}