{
  "averageAngularVelocity" : 0,
  "cameraGrain" : 0,
  "projectionMatrix" : [
    1.5227161645889282,
    0,
    -0.0066465139389038086,
    0,
    0,
    2.0302882194519043,
    -0.0025979280471801758,
    0,
    0,
    0,
    -0.9999997615814209,
    -0.00099999981466680765,
    0,
    0,
    -1,
    0
  ],
  "cameraPoseARFrame" : [
    -0.5465695858001709,
    -0.60152077674865723,
    -0.58261013031005859,
    -0.18230187892913818,
    -0.74626606702804565,
    0.03422362357378006,
    0.66476726531982422,
    0.22092945873737335,
    -0.37993234395980835,
    0.79812371730804443,
    -0.46760028600692749,
    -0.11267662048339844,
    0,
    0,
    0,
    1.0000001192092896
  ],
  "motionQuality" : 0.99092376232147217,
  "intrinsics" : [
    1461.8074951171875,
    0,
    965.88067626953125,
    0,
    1461.8074951171875,
    717.6295166015625,
    0,
    0,
    1
  ],
  "frame_index" : 38,
  "averageVelocity" : 0.011173742823302746,
  "exposureDuration" : 0.01666666753590107,
  "time" : 297513.40396166674
}