{
  "projectionMatrix" : [
    1.5204532146453857,
    0,
    -0.0067083835601806641,
    0,
    0,
    2.027271032333374,
    -0.0027463436126708984,
    0,
    0,
    0,
    -0.9999997615814209,
    -0.00099999981466680765,
    0,
    0,
    -1,
    0
  ],
  "frame_index" : 43,
  "averageVelocity" : 0.017271565273404121,
  "exposureDuration" : 0.01666666753590107,
  "intrinsics" : [
    1459.6351318359375,
    0,
    965.94000244140625,
    0,
    1459.6351318359375,
    717.52264404296875,
    0,
    0,
    1
  ],
  "time" : 297516.00301358342,
  "cameraGrain" : 0,
  "averageAngularVelocity" : 0.037079188972711563,
  "motionQuality" : 0.98940593004226685,
  "cameraPoseARFrame" : [
    -0.53199857473373413,
    -0.59499436616897583,
    -0.60246115922927856,
    -0.20192913711071014,
    -0.76187556982040405,
    0.02588299848139286,
    0.64720600843429565,
    0.23017282783985138,
    -0.36949050426483154,
    0.80331307649612427,
    -0.4670814573764801,
    -0.11918330192565918,
    0,
    0,
    0,
    1.0000002384185791
  ]
}