{
  "cameraGrain" : 0,
  "frame_index" : 40,
  "intrinsics" : [
    1461.8570556640625,
    0,
    965.8822021484375,
    0,
    1461.8570556640625,
    717.5654296875,
    0,
    0,
    1
  ],
  "motionQuality" : 0.99696081876754761,
  "cameraPoseARFrame" : [
    -0.54213017225265503,
    -0.59840577840805054,
    -0.58991992473602295,
    -0.18689653277397156,
    -0.75110816955566406,
    0.030342422425746918,
    0.6594814658164978,
    0.22116090357303619,
    -0.37673795223236084,
    0.80061835050582886,
    -0.46591708064079285,
    -0.11349549889564514,
    0,
    0,
    0,
    1.0000001192092896
  ],
  "time" : 297514.43828137504,
  "exposureDuration" : 0.01666666753590107,
  "averageVelocity" : 0,
  "averageAngularVelocity" : 0.010637051425874233,
  "projectionMatrix" : [
    1.5227677822113037,
    0,
    -0.0066481828689575195,
    0,
    0,
    2.0303571224212646,
    -0.0026868581771850586,
    0,
    0,
    0,
    -0.9999997615814209,
    -0.00099999981466680765,
    0,
    0,
    -1,
    0
  ]
}