{
  "frame_index" : 44,
  "projectionMatrix" : [
    1.5200111865997314,
    0,
    -0.0067579746246337891,
    0,
    0,
    2.0266814231872559,
    -0.0026646852493286133,
    0,
    0,
    0,
    -0.9999997615814209,
    -0.00099999981466680765,
    0,
    0,
    -1,
    0
  ],
  "averageVelocity" : 0,
  "exposureDuration" : 0.01666666753590107,
  "intrinsics" : [
    1459.210693359375,
    0,
    965.9876708984375,
    0,
    1459.210693359375,
    717.5814208984375,
    0,
    0,
    1
  ],
  "time" : 297516.50479179173,
  "cameraGrain" : 0,
  "averageAngularVelocity" : 0.014390915632247925,
  "motionQuality" : 0.99588829278945923,
  "cameraPoseARFrame" : [
    -0.53238087892532349,
    -0.59225946664810181,
    -0.60481363534927368,
    -0.20737120509147644,
    -0.76349359750747681,
    0.027391713112592697,
    0.64523416757583618,
    0.2324666827917099,
    -0.36557918787002563,
    0.80528157949447632,
    -0.46676924824714661,
    -0.11912635713815689,
    0,
    0,
    0,
    1.0000001192092896
  ]
}