{
  "projectionMatrix" : [
    1.5441876649856567,
    0,
    -0.0062890052795410156,
    0,
    0,
    2.0589168071746826,
    -0.0024225711822509766,
    0,
    0,
    0,
    -0.9999997615814209,
    -0.00099999981466680765,
    0,
    0,
    -1,
    0
  ],
  "averageAngularVelocity" : 0,
  "motionQuality" : 0.99103718996047974,
  "intrinsics" : [
    1482.420166015625,
    0,
    965.5374755859375,
    0,
    1482.420166015625,
    717.7557373046875,
    0,
    0,
    1
  ],
  "frame_index" : 1,
  "cameraGrain" : 0,
  "averageVelocity" : 0.011834821663796902,
  "exposureDuration" : 0.01666666753590107,
  "cameraPoseARFrame" : [
    0.066452652215957642,
    0.99774086475372314,
    -0.0098602334037423134,
    0.032602909952402115,
    -0.70787662267684937,
    0.054106671363115311,
    0.70426064729690552,
    0.17880381643772125,
    0.70320320129394531,
    -0.039820004254579544,
    0.70987308025360107,
    0.17628659307956696,
    0,
    0,
    0,
    1.0000001192092896
  ],
  "time" : 297494.05164683342
}