{
  "time" : 297512.36950629175,
  "motionQuality" : 0.99266356229782104,
  "frame_index" : 36,
  "averageVelocity" : 0.018757591024041176,
  "cameraPoseARFrame" : [
    -0.5421983003616333,
    -0.6046866774559021,
    -0.58341681957244873,
    -0.18621653318405151,
    -0.75114750862121582,
    0.03764617070555687,
    0.65906000137329102,
    0.22626976668834686,
    -0.37656152248382568,
    0.79557317495346069,
    -0.47462069988250732,
    -0.11943300068378448,
    0,
    0,
    0,
    1.0000001192092896
  ],
  "averageAngularVelocity" : 0,
  "exposureDuration" : 0.01666666753590107,
  "intrinsics" : [
    1460.6715087890625,
    0,
    965.94732666015625,
    0,
    1460.6715087890625,
    717.63604736328125,
    0,
    0,
    1
  ],
  "projectionMatrix" : [
    1.5215327739715576,
    0,
    -0.0067160129547119141,
    0,
    0,
    2.0287103652954102,
    -0.0025888681411743164,
    0,
    0,
    0,
    -0.9999997615814209,
    -0.00099999981466680765,
    0,
    0,
    -1,
    0
  ],
  "cameraGrain" : 0
}