{
  "intrinsics" : [
    1460.7060546875,
    0,
    965.9306640625,
    0,
    1460.7060546875,
    717.60064697265625,
    0,
    0,
    1
  ],
  "motionQuality" : 0.9925084114074707,
  "projectionMatrix" : [
    1.521568775177002,
    0,
    -0.0066986083984375,
    0,
    0,
    2.0287585258483887,
    -0.0026379823684692383,
    0,
    0,
    0,
    -0.9999997615814209,
    -0.00099999981466680765,
    0,
    0,
    -1,
    0
  ],
  "time" : 297515.47153025004,
  "frame_index" : 42,
  "cameraPoseARFrame" : [
    -0.53579932451248169,
    -0.5955580472946167,
    -0.59852308034896851,
    -0.19460919499397278,
    -0.75665038824081421,
    0.02409932017326355,
    0.65337538719177246,
    0.22440241277217865,
    -0.37469899654388428,
    0.80295062065124512,
    -0.46354174613952637,
    -0.11473885923624039,
    0,
    0,
    0,
    1.0000001192092896
  ],
  "averageVelocity" : 0.014007420279085636,
  "cameraGrain" : 0,
  "averageAngularVelocity" : 0.026220588013529778,
  "exposureDuration" : 0.01666666753590107
}