{
  "time" : 297512.90302658337,
  "projectionMatrix" : [
    1.5221941471099854,
    0,
    -0.0066493749618530273,
    0,
    0,
    2.0295922756195068,
    -0.00257110595703125,
    0,
    0,
    0,
    -0.9999997615814209,
    -0.00099999981466680765,
    0,
    0,
    -1,
    0
  ],
  "cameraPoseARFrame" : [
    -0.54503029584884644,
    -0.60237038135528564,
    -0.58317404985427856,
    -0.18243964016437531,
    -0.74900537729263306,
    0.037273377180099487,
    0.66151458024978638,
    0.2233584076166153,
    -0.37674000859260559,
    0.79734593629837036,
    -0.47149384021759033,
    -0.1145494133234024,
    0,
    0,
    0,
    1.0000001192092896
  ],
  "averageAngularVelocity" : 0,
  "cameraGrain" : 0,
  "averageVelocity" : 0,
  "intrinsics" : [
    1461.306396484375,
    0,
    965.8834228515625,
    0,
    1461.306396484375,
    717.6488037109375,
    0,
    0,
    1
  ],
  "exposureDuration" : 0.01666666753590107,
  "frame_index" : 37,
  "motionQuality" : 0.99204319715499878
}