{
  "frame_index" : 0,
  "cameraGrain" : 0,
  "cameraPoseARFrame" : [
    0.09512060135602951,
    0.99543428421020508,
    0.0079047428444027901,
    0.029312320053577423,
    -0.70345669984817505,
    0.061597399413585663,
    0.70806366205215454,
    0.17956991493701935,
    0.70434415340423584,
    -0.072912022471427917,
    0.70610427856445312,
    0.16921032965183258,
    0,
    0,
    0,
    1.0000001192092896
  ],
  "averageVelocity" : 0,
  "exposureDuration" : 0.01666666753590107,
  "projectionMatrix" : [
    1.5489161014556885,
    0,
    -0.0062973499298095703,
    0,
    0,
    2.0652215480804443,
    -0.0025298595428466797,
    0,
    0,
    0,
    -0.9999997615814209,
    -0.00099999981466680765,
    0,
    0,
    -1,
    0
  ],
  "time" : 297493.55042045837,
  "averageAngularVelocity" : 0,
  "intrinsics" : [
    1486.95947265625,
    0,
    965.54541015625,
    0,
    1486.95947265625,
    717.678466796875,
    0,
    0,
    1
  ],
  "motionQuality" : 1
}