{
  "cameraPoseARFrame" : [
    0.11300148069858551,
    -0.97233611345291138,
    0.2044346034526825,
    0.058138102293014526,
    -0.7048039436340332,
    0.066584154963493347,
    0.70627045631408691,
    0.20954222977161407,
    -0.7003442645072937,
    -0.22389605641365051,
    -0.67778211832046509,
    -0.19234682619571686,
    0,
    0,
    0,
    1.0000001192092896
  ],
  "time" : 297507.13764858339,
  "averageAngularVelocity" : 0,
  "cameraGrain" : 0,
  "frame_index" : 26,
  "averageVelocity" : 0.0093942796811461449,
  "exposureDuration" : 0.01666666753590107,
  "projectionMatrix" : [
    1.5291693210601807,
    0,
    -0.0064451694488525391,
    0,
    0,
    2.0388925075531006,
    -0.0023581981658935547,
    0,
    0,
    0,
    -0.9999997615814209,
    -0.00099999981466680765,
    0,
    0,
    -1,
    0
  ],
  "motionQuality" : 0.98584878444671631,
  "intrinsics" : [
    1468.0025634765625,
    0,
    965.6873779296875,
    0,
    1468.0025634765625,
    717.80206298828125,
    0,
    0,
    1
  ]
}