{
  "projectionMatrix" : [
    1.5203138589859009,
    0,
    -0.0068829059600830078,
    0,
    0,
    2.0270853042602539,
    -0.0029165744781494141,
    0,
    0,
    0,
    -0.9999997615814209,
    -0.00099999981466680765,
    0,
    0,
    -1,
    0
  ],
  "frame_index" : 47,
  "averageVelocity" : 0.19423855841159821,
  "exposureDuration" : 0.01666666753590107,
  "intrinsics" : [
    1459.5013427734375,
    0,
    966.10760498046875,
    0,
    1459.5013427734375,
    717.40008544921875,
    0,
    0,
    1
  ],
  "time" : 297518.10303516674,
  "cameraGrain" : 0,
  "averageAngularVelocity" : 0.4260450005531311,
  "motionQuality" : 0.87827283143997192,
  "cameraPoseARFrame" : [
    -0.66712337732315063,
    -0.20726922154426575,
    -0.71553194522857666,
    -0.20782895386219025,
    -0.73066163063049316,
    -0.0051462319679558277,
    0.68272030353546143,
    0.22007153928279877,
    -0.14518927037715912,
    0.97827041149139404,
    -0.14801059663295746,
    -0.0065270210616290569,
    0,
    0,
    0,
    1.0000001192092896
  ]
}