{
  "projectionMatrix" : [
    1.5191706418991089,
    0,
    -0.0068305730819702148,
    0,
    0,
    2.0255608558654785,
    -0.0027397871017456055,
    0,
    0,
    0,
    -0.9999997615814209,
    -0.00099999981466680765,
    0,
    0,
    -1,
    0
  ],
  "exposureDuration" : 0.01666666753590107,
  "cameraPoseARFrame" : [
    -0.35930910706520081,
    0.82254314422607422,
    -0.44081735610961914,
    -0.12103570997714996,
    -0.78335088491439819,
    -0.0091077061370015144,
    0.62151294946670532,
    0.24862883985042572,
    0.50720632076263428,
    0.56862998008728027,
    0.64761239290237427,
    0.24649642407894135,
    0,
    0,
    0,
    1.0000001192092896
  ],
  "averageVelocity" : 0.17009027302265167,
  "time" : 297523.33874987508,
  "motionQuality" : 0.81073778867721558,
  "intrinsics" : [
    1458.40380859375,
    0,
    966.05731201171875,
    0,
    1458.40380859375,
    717.52734375,
    0,
    0,
    1
  ],
  "frame_index" : 57,
  "averageAngularVelocity" : 0.66241776943206787,
  "cameraGrain" : 0
}