{
  "projectionMatrix" : [
    1.5215249061584473,
    0,
    -0.0066436529159545898,
    0,
    0,
    2.0286998748779297,
    -0.0031359195709228516,
    0,
    0,
    0,
    -0.9999997615814209,
    -0.00099999981466680765,
    0,
    0,
    -1,
    0
  ],
  "exposureDuration" : 0.01666666753590107,
  "cameraPoseARFrame" : [
    -0.56944382190704346,
    0.50693702697753906,
    -0.64710789918899536,
    -0.17388896644115448,
    -0.7458425760269165,
    0.012355256825685501,
    0.6660076379776001,
    0.22092987596988678,
    0.3456190824508667,
    0.86189460754394531,
    0.3710595965385437,
    0.17747510969638824,
    0,
    0,
    0,
    1.0000001192092896
  ],
  "averageVelocity" : 0,
  "time" : 297519.67162587505,
  "motionQuality" : 0.98183494806289673,
  "intrinsics" : [
    1460.6639404296875,
    0,
    965.87786865234375,
    0,
    1460.6639404296875,
    717.24212646484375,
    0,
    0,
    1
  ],
  "frame_index" : 50,
  "averageAngularVelocity" : 0,
  "cameraGrain" : 0
}