{
  "exposureDuration" : 0.01666666753590107,
  "time" : 297527.50466941675,
  "cameraGrain" : 0,
  "frame_index" : 65,
  "intrinsics" : [
    1460.5836181640625,
    0,
    963.18316650390625,
    0,
    1460.5836181640625,
    717.380126953125,
    0,
    0,
    1
  ],
  "averageAngularVelocity" : 0.15568023920059204,
  "motionQuality" : 0.9555199146270752,
  "averageVelocity" : 0,
  "cameraPoseARFrame" : [
    -0.0065238042734563351,
    0.99952089786529541,
    0.030256710946559906,
    0.023263281211256981,
    -0.30796033143997192,
    -0.030794937163591385,
    0.95090067386627197,
    0.31593912839889526,
    0.95137691497802734,
    -0.0031143631786108017,
    0.30801376700401306,
    0.11198107153177261,
    0,
    0,
    0,
    1.0000001192092896
  ],
  "projectionMatrix" : [
    1.5214412212371826,
    0,
    -0.0038366317749023438,
    0,
    0,
    2.0285882949829102,
    -0.0029442310333251953,
    0,
    0,
    0,
    -0.9999997615814209,
    -0.00099999981466680765,
    0,
    0,
    -1,
    0
  ]
}