{
  "projectionMatrix" : [
    1.540733814239502,
    0,
    -0.0064768791198730469,
    0,
    0,
    2.0543117523193359,
    -0.0026001930236816406,
    0,
    0,
    0,
    -0.9999997615814209,
    -0.00099999981466680765,
    0,
    0,
    -1,
    0
  ],
  "averageAngularVelocity" : 0.10302150249481201,
  "motionQuality" : 0.97056525945663452,
  "intrinsics" : [
    1479.1044921875,
    0,
    965.7177734375,
    0,
    1479.1044921875,
    717.62786865234375,
    0,
    0,
    1
  ],
  "frame_index" : 5,
  "cameraGrain" : 0,
  "averageVelocity" : 0.013243489898741245,
  "exposureDuration" : 0.01666666753590107,
  "cameraPoseARFrame" : [
    0.084980972111225128,
    0.99596703052520752,
    0.028773549944162369,
    0.030530968680977821,
    -0.72462528944015503,
    0.041956260800361633,
    0.68786466121673584,
    0.18861429393291473,
    0.68388330936431885,
    -0.079305373132228851,
    0.72526848316192627,
    0.18404200673103333,
    0,
    0,
    0,
    1.0000001192092896
  ],
  "time" : 297496.16999504174
}