{
  "time" : 297527.00420162507,
  "intrinsics" : [
    1457.749755859375,
    0,
    964.20263671875,
    0,
    1457.749755859375,
    717.16424560546875,
    0,
    0,
    1
  ],
  "motionQuality" : 0.93768787384033203,
  "averageAngularVelocity" : 0.21809235215187073,
  "exposureDuration" : 0.01666666753590107,
  "cameraPoseARFrame" : [
    -0.010461553931236267,
    0.99994474649429321,
    -0.0011105665471404791,
    0.022846590727567673,
    -0.38119667768478394,
    -0.0029613552615046501,
    0.92448914051055908,
    0.31876504421234131,
    0.92443478107452393,
    0.010094990022480488,
    0.38120663166046143,
    0.13761255145072937,
    0,
    0,
    0,
    1
  ],
  "frame_index" : 64,
  "cameraGrain" : 0,
  "projectionMatrix" : [
    1.5184893608093262,
    0,
    -0.0048985481262207031,
    0,
    0,
    2.0246524810791016,
    -0.0032441616058349609,
    0,
    0,
    0,
    -0.9999997615814209,
    -0.00099999981466680765,
    0,
    0,
    -1,
    0
  ],
  "averageVelocity" : 0.08934948593378067
}