{
  "intrinsics" : [
    1472.369873046875,
    0,
    965.8231201171875,
    0,
    1472.369873046875,
    717.60296630859375,
    0,
    0,
    1
  ],
  "frame_index" : 9,
  "cameraPoseARFrame" : [
    0.48088452219963074,
    0.71747606992721558,
    0.50396245718002319,
    0.16744443774223328,
    -0.72988337278366089,
    0.0090953297913074493,
    0.68351107835769653,
    0.18643121421337128,
    0.4858192503452301,
    -0.69652366638183594,
    0.52804774045944214,
    0.14115801453590393,
    0,
    0,
    0,
    1
  ],
  "motionQuality" : 0.81566840410232544,
  "averageVelocity" : 0.10531779378652573,
  "averageAngularVelocity" : 0.64516055583953857,
  "cameraGrain" : 0,
  "projectionMatrix" : [
    1.5337185859680176,
    0,
    -0.0065865516662597656,
    0,
    0,
    2.0449581146240234,
    -0.0026347637176513672,
    0,
    0,
    0,
    -0.9999997615814209,
    -0.00099999981466680765,
    0,
    0,
    -1,
    0
  ],
  "time" : 297498.23725375009,
  "exposureDuration" : 0.01666666753590107
}