{
  "intrinsics" : [
    1457.4591064453125,
    0,
    966.124755859375,
    0,
    1457.4591064453125,
    717.52020263671875,
    0,
    0,
    1
  ],
  "motionQuality" : 0.96983039379119873,
  "projectionMatrix" : [
    1.5181865692138672,
    0,
    -0.006900787353515625,
    0,
    0,
    2.0242488384246826,
    -0.0027496814727783203,
    0,
    0,
    0,
    -0.9999997615814209,
    -0.00099999981466680765,
    0,
    0,
    -1,
    0
  ],
  "time" : 297517.57140333339,
  "frame_index" : 46,
  "cameraPoseARFrame" : [
    -0.5747605562210083,
    -0.45001307129859924,
    -0.68347549438476562,
    -0.226845383644104,
    -0.76899921894073486,
    0.011441823095083237,
    0.63914728164672852,
    0.24217806756496429,
    -0.27980449795722961,
    0.89294874668121338,
    -0.35263612866401672,
    -0.084150359034538269,
    0,
    0,
    0,
    1.0000001192092896
  ],
  "averageVelocity" : 0.10559353232383728,
  "cameraGrain" : 0,
  "averageAngularVelocity" : 0.10270620137453079,
  "exposureDuration" : 0.01666666753590107
}