{
  "cameraGrain" : 0,
  "cameraPoseARFrame" : [
    -0.0034411505330353975,
    0.99961251020431519,
    -0.027623383328318596,
    0.025564281269907951,
    -0.73288094997406006,
    0.016272732987999916,
    0.68016225099563599,
    0.29314586520195007,
    0.68034827709197998,
    0.022585231810808182,
    0.73254108428955078,
    0.26201775670051575,
    0,
    0,
    0,
    1.0000001192092896
  ],
  "exposureDuration" : 0.01666666753590107,
  "intrinsics" : [
    1453.898681640625,
    0,
    966.31585693359375,
    0,
    1453.898681640625,
    717.59942626953125,
    0,
    0,
    1
  ],
  "averageVelocity" : 0.16193518042564392,
  "projectionMatrix" : [
    1.5144778490066528,
    0,
    -0.0070998668670654297,
    0,
    0,
    2.0193037986755371,
    -0.0026396512985229492,
    0,
    0,
    0,
    -0.9999997615814209,
    -0.00099999981466680765,
    0,
    0,
    -1,
    0
  ],
  "averageAngularVelocity" : 0.35855698585510254,
  "motionQuality" : 0.89755517244338989,
  "frame_index" : 62,
  "time" : 297525.97205875005
}