{
  "motionQuality" : 0.89299297332763672,
  "exposureDuration" : 0.01666666753590107,
  "cameraGrain" : 0,
  "intrinsics" : [
    1467.857421875,
    0,
    965.5518798828125,
    0,
    1467.857421875,
    717.947021484375,
    0,
    0,
    1
  ],
  "projectionMatrix" : [
    1.5290181636810303,
    0,
    -0.0063040256500244141,
    0,
    0,
    2.0386908054351807,
    -0.0021569728851318359,
    0,
    0,
    0,
    -0.9999997615814209,
    -0.00099999981466680765,
    0,
    0,
    -1,
    0
  ],
  "averageAngularVelocity" : 0.37452459335327148,
  "time" : 297508.17106458341,
  "averageVelocity" : 0.16102220118045807,
  "cameraPoseARFrame" : [
    -0.10862965136766434,
    -0.99350214004516602,
    -0.033954035490751266,
    -0.036288075149059296,
    -0.71352982521057129,
    0.054144427180290222,
    0.69852948188781738,
    0.21794132888317108,
    -0.69215226173400879,
    0.10010816156864166,
    -0.7147752046585083,
    -0.18603794276714325,
    0,
    0,
    0,
    1
  ],
  "frame_index" : 28
}