{
  "cameraGrain" : 0,
  "motionQuality" : 0.98504894971847534,
  "frame_index" : 23,
  "averageAngularVelocity" : 0.052328601479530334,
  "time" : 297505.60291670839,
  "cameraPoseARFrame" : [
    0.11824987083673477,
    -0.97002434730529785,
    0.21229684352874756,
    0.06836295872926712,
    -0.70795232057571411,
    0.06755906343460083,
    0.70302146673202515,
    0.21044467389583588,
    -0.69629055261611938,
    -0.23342835903167725,
    -0.67874222993850708,
    -0.19655227661132812,
    0,
    0,
    0,
    1.0000001192092896
  ],
  "averageVelocity" : 0.0096855713054537773,
  "projectionMatrix" : [
    1.5291693210601807,
    0,
    -0.0064218044281005859,
    0,
    0,
    2.0388925075531006,
    -0.0022794008255004883,
    0,
    0,
    0,
    -0.9999997615814209,
    -0.00099999981466680765,
    0,
    0,
    -1,
    0
  ],
  "exposureDuration" : 0.01666666753590107,
  "intrinsics" : [
    1468.0025634765625,
    0,
    965.6649169921875,
    0,
    1468.0025634765625,
    717.85882568359375,
    0,
    0,
    1
  ]
}