{
  "averageVelocity" : 0.01035008579492569,
  "averageAngularVelocity" : 0,
  "projectionMatrix" : [
    1.5227798223495483,
    0,
    -0.0034567117691040039,
    0,
    0,
    2.0303730964660645,
    -0.0031164884567260742,
    0,
    0,
    0,
    -0.9999997615814209,
    -0.00099999981466680765,
    0,
    0,
    -1,
    0
  ],
  "cameraGrain" : 0,
  "motionQuality" : 0.99050444364547729,
  "time" : 297528.03916979174,
  "cameraPoseARFrame" : [
    0.0030367409344762564,
    0.99979114532470703,
    0.020208185538649559,
    0.030818335711956024,
    -0.31648814678192139,
    -0.018208583816885948,
    0.94842171669006348,
    0.31827211380004883,
    0.94859170913696289,
    -0.0092756934463977814,
    0.31636679172515869,
    0.10863036662340164,
    0,
    0,
    0,
    1.0000001192092896
  ],
  "frame_index" : 66,
  "intrinsics" : [
    1461.86865234375,
    0,
    962.8184814453125,
    0,
    1461.86865234375,
    717.256103515625,
    0,
    0,
    1
  ],
  "exposureDuration" : 0.01666666753590107
}