{
  "cameraGrain" : 0,
  "motionQuality" : 0.99227547645568848,
  "frame_index" : 24,
  "averageAngularVelocity" : 0.027035729959607124,
  "cameraPoseARFrame" : [
    0.11471930891275406,
    -0.96983706951141357,
    0.21507096290588379,
    0.065712347626686096,
    -0.71256440877914429,
    0.070513151586055756,
    0.69805425405502319,
    0.21129648387432098,
    -0.69216430187225342,
    -0.23333227634429932,
    -0.68298238515853882,
    -0.19825674593448639,
    0,
    0,
    0,
    1.0000001192092896
  ],
  "time" : 297506.13596687507,
  "averageVelocity" : 0,
  "projectionMatrix" : [
    1.5284404754638672,
    0,
    -0.0063652992248535156,
    0,
    0,
    2.0379207134246826,
    -0.0023664236068725586,
    0,
    0,
    0,
    -0.9999997615814209,
    -0.00099999981466680765,
    0,
    0,
    -1,
    0
  ],
  "exposureDuration" : 0.01666666753590107,
  "intrinsics" : [
    1467.3028564453125,
    0,
    965.6107177734375,
    0,
    1467.3028564453125,
    717.79620361328125,
    0,
    0,
    1
  ]
}