{
  "projectionMatrix" : [
    1.5153183937072754,
    0,
    -0.007147669792175293,
    0,
    0,
    2.0204246044158936,
    -0.0028604269027709961,
    0,
    0,
    0,
    -0.9999997615814209,
    -0.00099999981466680765,
    0,
    0,
    -1,
    0
  ],
  "exposureDuration" : 0.01666666753590107,
  "averageAngularVelocity" : 0.20146019756793976,
  "averageVelocity" : 0.076945178210735321,
  "cameraPoseARFrame" : [
    -0.11275918781757355,
    0.96697008609771729,
    -0.2285921573638916,
    -0.02405872568488121,
    -0.78161394596099854,
    0.05572345107793808,
    0.62126839160919189,
    0.26284712553024292,
    0.61348587274551392,
    0.24872462451457977,
    0.74951404333114624,
    0.2786332368850708,
    0,
    0,
    0,
    1.0000001192092896
  ],
  "frame_index" : 59,
  "cameraGrain" : 0,
  "time" : 297524.40527991671,
  "intrinsics" : [
    1454.7056884765625,
    0,
    966.36175537109375,
    0,
    1454.7056884765625,
    717.44049072265625,
    0,
    0,
    1
  ],
  "motionQuality" : 0.94243991374969482
}