{
  "cameraGrain" : 0.0063623157329857349,
  "averageAngularVelocity" : 0,
  "projectionMatrix" : [
    1.5199472904205322,
    0,
    -0.0067714452743530273,
    0,
    0,
    2.0265963077545166,
    -0.0029951333999633789,
    0,
    0,
    0,
    -0.9999997615814209,
    -0.00099999981466680765,
    0,
    0,
    -1,
    0
  ],
  "averageVelocity" : 0,
  "frame_index" : 54,
  "cameraPoseARFrame" : [
    -0.54402840137481689,
    0.53610819578170776,
    -0.64546197652816772,
    -0.16892749071121216,
    -0.76119279861450195,
    0.0083074765279889107,
    0.64847230911254883,
    0.22997699677944183,
    0.3530135452747345,
    0.84410840272903442,
    0.40356230735778809,
    0.17471767961978912,
    0,
    0,
    0,
    1.0000001192092896
  ],
  "time" : 297521.80467662506,
  "motionQuality" : 0.99242913722991943,
  "exposureDuration" : 0.01666666753590107,
  "intrinsics" : [
    1459.1494140625,
    0,
    966.00054931640625,
    0,
    1459.1494140625,
    717.343505859375,
    0,
    0,
    1
  ]
}