{
  "intrinsics" : [
    1474.52685546875,
    0,
    965.70037841796875,
    0,
    1474.52685546875,
    717.423095703125,
    0,
    0,
    1
  ],
  "cameraPoseARFrame" : [
    0.36729332804679871,
    0.85166215896606445,
    0.37385466694831848,
    0.14866191148757935,
    -0.73093318939208984,
    0.015731498599052429,
    0.68226760625839233,
    0.18337647616863251,
    0.57518023252487183,
    -0.52385503053665161,
    0.62828624248504639,
    0.14839135110378265,
    0,
    0,
    0,
    1.0000001192092896
  ],
  "frame_index" : 8,
  "motionQuality" : 0.95148593187332153,
  "averageVelocity" : 0.034793097525835037,
  "averageAngularVelocity" : 0.16979917883872986,
  "cameraGrain" : 0,
  "projectionMatrix" : [
    1.5359654426574707,
    0,
    -0.0064587593078613281,
    0,
    0,
    2.0479540824890137,
    -0.0028846263885498047,
    0,
    0,
    0,
    -0.9999997615814209,
    -0.00099999981466680765,
    0,
    0,
    -1,
    0
  ],
  "time" : 297497.73566237505,
  "exposureDuration" : 0.01666666753590107
}