{
  "projectionMatrix" : [
    1.5303127765655518,
    0,
    -0.006360173225402832,
    0,
    0,
    2.040416955947876,
    -0.0022050142288208008,
    0,
    0,
    0,
    -0.9999997615814209,
    -0.00099999981466680765,
    0,
    0,
    -1,
    0
  ],
  "exposureDuration" : 0.01666666753590107,
  "averageAngularVelocity" : 0.035303648561239243,
  "frame_index" : 22,
  "intrinsics" : [
    1469.1002197265625,
    0,
    965.605712890625,
    0,
    1469.1002197265625,
    717.912353515625,
    0,
    0,
    1
  ],
  "averageVelocity" : 0.017545877024531364,
  "cameraGrain" : 0,
  "time" : 297505.07080508338,
  "cameraPoseARFrame" : [
    0.11473461240530014,
    -0.96886980533599854,
    0.21937960386276245,
    0.074107103049755096,
    -0.70833098888397217,
    0.075044140219688416,
    0.70187997817993164,
    0.20863775908946991,
    -0.69649344682693481,
    -0.23592337965965271,
    -0.67767041921615601,
    -0.19379335641860962,
    0,
    0,
    0,
    1.0000002384185791
  ],
  "motionQuality" : 0.9899132251739502
}