{
  "intrinsics" : [
    1461.841796875,
    0,
    965.824951171875,
    0,
    1461.841796875,
    717.62103271484375,
    0,
    0,
    1
  ],
  "frame_index" : 33,
  "averageAngularVelocity" : 0,
  "averageVelocity" : 0.01956518366932869,
  "cameraPoseARFrame" : [
    -0.54143470525741577,
    -0.62092083692550659,
    -0.56683844327926636,
    -0.19199010729789734,
    -0.74598139524459839,
    0.043844036757946014,
    0.66452175378799438,
    0.22252394258975983,
    -0.38776305317878723,
    0.78264588117599487,
    -0.48693421483039856,
    -0.12597081065177917,
    0,
    0,
    0,
    1
  ],
  "time" : 297510.80290795839,
  "motionQuality" : 0.98557072877883911,
  "cameraGrain" : 0,
  "exposureDuration" : 0.01666666753590107,
  "projectionMatrix" : [
    1.5227519273757935,
    0,
    -0.0065884590148925781,
    0,
    0,
    2.0303359031677246,
    -0.0026097297668457031,
    0,
    0,
    0,
    -0.9999997615814209,
    -0.00099999981466680765,
    0,
    0,
    -1,
    0
  ]
}