{
  "motionQuality" : 0.93738096952438354,
  "exposureDuration" : 0.01666666753590107,
  "cameraGrain" : 0,
  "intrinsics" : [
    1462.9737548828125,
    0,
    965.7685546875,
    0,
    1462.9737548828125,
    717.70355224609375,
    0,
    0,
    1
  ],
  "projectionMatrix" : [
    1.5239310264587402,
    0,
    -0.006529688835144043,
    0,
    0,
    2.0319080352783203,
    -0.0024950504302978516,
    0,
    0,
    0,
    -0.9999997615814209,
    -0.00099999981466680765,
    0,
    0,
    -1,
    0
  ],
  "averageAngularVelocity" : 0.21916660666465759,
  "time" : 297509.73741408339,
  "averageVelocity" : 0,
  "cameraPoseARFrame" : [
    -0.52634334564208984,
    -0.67770487070083618,
    -0.5134967565536499,
    -0.17801403999328613,
    -0.73173701763153076,
    0.053460545837879181,
    0.67948716878890991,
    0.21928410232067108,
    -0.43304005265235901,
    0.73338800668716431,
    -0.52404040098190308,
    -0.11719579249620438,
    0,
    0,
    0,
    1.0000001192092896
  ],
  "frame_index" : 31
}