{
  "intrinsics" : [
    1461.3101806640625,
    0,
    965.94293212890625,
    0,
    1461.3101806640625,
    717.59759521484375,
    0,
    0,
    1
  ],
  "motionQuality" : 0.99658185243606567,
  "time" : 297514.96971000009,
  "projectionMatrix" : [
    1.5221980810165405,
    0,
    -0.0067113637924194336,
    0,
    0,
    2.0295975208282471,
    -0.0026422739028930664,
    0,
    0,
    0,
    -0.9999997615814209,
    -0.00099999981466680765,
    0,
    0,
    -1,
    0
  ],
  "frame_index" : 41,
  "cameraPoseARFrame" : [
    -0.53956133127212524,
    -0.59650814533233643,
    -0.59418165683746338,
    -0.18854400515556335,
    -0.75475591421127319,
    0.029935304075479507,
    0.65532225370407104,
    0.22256533801555634,
    -0.37311813235282898,
    0.80204850435256958,
    -0.46637007594108582,
    -0.11362290382385254,
    0,
    0,
    0,
    1.0000001192092896
  ],
  "averageVelocity" : 0,
  "cameraGrain" : 0,
  "averageAngularVelocity" : 0.011308114044368267,
  "exposureDuration" : 0.01666666753590107
}