{
  "time" : 297504.03772054176,
  "projectionMatrix" : [
    1.5327746868133545,
    0,
    -0.006267547607421875,
    0,
    0,
    2.0436997413635254,
    -0.0023914575576782227,
    0,
    0,
    0,
    -0.9999997615814209,
    -0.00099999981466680765,
    0,
    0,
    -1,
    0
  ],
  "frame_index" : 20,
  "intrinsics" : [
    1471.4637451171875,
    0,
    965.516845703125,
    0,
    1471.4637451171875,
    717.77813720703125,
    0,
    0,
    1
  ],
  "exposureDuration" : 0.01666666753590107,
  "averageAngularVelocity" : 0.29654672741889954,
  "averageVelocity" : 0.083411574363708496,
  "cameraGrain" : 0,
  "cameraPoseARFrame" : [
    0.24554641544818878,
    -0.9218478798866272,
    0.29983904957771301,
    0.07588513195514679,
    -0.71272200345993042,
    0.037973988801240921,
    0.70041781663894653,
    0.20502679049968719,
    -0.65706479549407959,
    -0.38568702340126038,
    -0.64769703149795532,
    -0.18423943221569061,
    0,
    0,
    0,
    1
  ],
  "motionQuality" : 0.91527235507965088
}