{
  "time" : 297503.00296329171,
  "projectionMatrix" : [
    1.536052942276001,
    0,
    -0.006422877311706543,
    0,
    0,
    2.0480706691741943,
    -0.0027886629104614258,
    0,
    0,
    0,
    -0.9999997615814209,
    -0.00099999981466680765,
    0,
    0,
    -1,
    0
  ],
  "frame_index" : 18,
  "intrinsics" : [
    1474.61083984375,
    0,
    965.666015625,
    0,
    1474.61083984375,
    717.4921875,
    0,
    0,
    1
  ],
  "exposureDuration" : 0.01666666753590107,
  "averageAngularVelocity" : 0.18851861357688904,
  "averageVelocity" : 0,
  "cameraGrain" : 0,
  "cameraPoseARFrame" : [
    0.49287727475166321,
    -0.68019407987594604,
    0.54259365797042847,
    0.13618963956832886,
    -0.70376914739608765,
    0.055047955363988876,
    0.70829266309738159,
    0.20602883398532867,
    -0.51164519786834717,
    -0.73096209764480591,
    -0.45156776905059814,
    -0.1199614480137825,
    0,
    0,
    0,
    1.0000001192092896
  ],
  "motionQuality" : 0.94613754749298096
}