{
  "time" : 297503.50413387507,
  "projectionMatrix" : [
    1.538451075553894,
    0,
    -0.0062999725341796875,
    0,
    0,
    2.0512681007385254,
    -0.0024265050888061523,
    0,
    0,
    0,
    -0.9999997615814209,
    -0.00099999981466680765,
    0,
    0,
    -1,
    0
  ],
  "frame_index" : 19,
  "intrinsics" : [
    1476.9130859375,
    0,
    965.5479736328125,
    0,
    1476.9130859375,
    717.7529296875,
    0,
    0,
    1
  ],
  "exposureDuration" : 0.01666666753590107,
  "averageAngularVelocity" : 0.43866318464279175,
  "averageVelocity" : 0.10988140851259232,
  "cameraGrain" : 0,
  "cameraPoseARFrame" : [
    0.35991784930229187,
    -0.83285748958587646,
    0.42048513889312744,
    0.11753784120082855,
    -0.69298440217971802,
    0.063118092715740204,
    0.71818435192108154,
    0.20383243262767792,
    -0.62468540668487549,
    -0.54987704753875732,
    -0.55443990230560303,
    -0.13691064715385437,
    0,
    0,
    0,
    1.0000002384185791
  ],
  "motionQuality" : 0.87466764450073242
}