{
  "motionQuality" : 0.89153522253036499,
  "exposureDuration" : 0.01666666753590107,
  "cameraGrain" : 0,
  "projectionMatrix" : [
    1.5286117792129517,
    0,
    -0.0063551664352416992,
    0,
    0,
    2.0381491184234619,
    -0.0022776126861572266,
    0,
    0,
    0,
    -0.9999997615814209,
    -0.00099999981466680765,
    0,
    0,
    -1,
    0
  ],
  "intrinsics" : [
    1467.46728515625,
    0,
    965.6009521484375,
    0,
    1467.46728515625,
    717.860107421875,
    0,
    0,
    1
  ],
  "averageAngularVelocity" : 0.37962663173675537,
  "time" : 297507.63799166674,
  "averageVelocity" : 0.084383957087993622,
  "cameraPoseARFrame" : [
    0.079569853842258453,
    -0.98353278636932373,
    0.16227105259895325,
    0.039493504911661148,
    -0.6960291862487793,
    0.061714962124824524,
    0.71535623073577881,
    0.2117505818605423,
    -0.71359091997146606,
    -0.16986626386642456,
    -0.67965686321258545,
    -0.18989789485931396,
    0,
    0,
    0,
    1
  ],
  "frame_index" : 27
}