{
  "projectionMatrix" : [
    1.5203735828399658,
    0,
    -0.0067805051803588867,
    0,
    0,
    2.0271646976470947,
    -0.0029079914093017578,
    0,
    0,
    0,
    -0.9999997615814209,
    -0.00099999981466680765,
    0,
    0,
    -1,
    0
  ],
  "exposureDuration" : 0.01666666753590107,
  "cameraPoseARFrame" : [
    -0.55426228046417236,
    0.52468585968017578,
    -0.64614099264144897,
    -0.16797348856925964,
    -0.75340014696121216,
    0.013730005361139774,
    0.65741890668869019,
    0.23323746025562286,
    0.35380992293357849,
    0.85118520259857178,
    0.38768845796585083,
    0.17330953478813171,
    0,
    0,
    0,
    1.0000001192092896
  ],
  "averageVelocity" : 0.011391122825443745,
  "time" : 297522.33740620839,
  "motionQuality" : 0.98191738128662109,
  "intrinsics" : [
    1459.55859375,
    0,
    966.00933837890625,
    0,
    1459.55859375,
    717.40625,
    0,
    0,
    1
  ],
  "frame_index" : 55,
  "averageAngularVelocity" : 0,
  "cameraGrain" : 0.010407202877104282
}