{
  "cameraPoseARFrame" : [
    -0.21406069397926331,
    0.92475259304046631,
    -0.31465929746627808,
    -0.07783547043800354,
    -0.7988620400428772,
    0.019644228741526604,
    0.60119324922561646,
    0.24953706562519073,
    0.56213629245758057,
    0.38006132841110229,
    0.73454481363296509,
    0.27217945456504822,
    0,
    0,
    0,
    1
  ],
  "motionQuality" : 0.94468796253204346,
  "cameraGrain" : 0,
  "averageAngularVelocity" : 0.19359222054481506,
  "intrinsics" : [
    1454.6790771484375,
    0,
    966.14971923828125,
    0,
    1454.6790771484375,
    717.3052978515625,
    0,
    0,
    1
  ],
  "averageVelocity" : 0.11058357357978821,
  "exposureDuration" : 0.01666666753590107,
  "projectionMatrix" : [
    1.5152907371520996,
    0,
    -0.0069267749786376953,
    0,
    0,
    2.0203876495361328,
    -0.0030481815338134766,
    0,
    0,
    0,
    -0.9999997615814209,
    -0.00099999981466680765,
    0,
    0,
    -1,
    0
  ],
  "frame_index" : 58,
  "time" : 297523.87228716671
}