{
  "projectionMatrix" : [
    1.5419210195541382,
    0,
    -0.0063450336456298828,
    0,
    0,
    2.0558946132659912,
    -0.0025426149368286133,
    0,
    0,
    0,
    -0.9999997615814209,
    -0.00099999981466680765,
    0,
    0,
    -1,
    0
  ],
  "averageAngularVelocity" : 0,
  "motionQuality" : 0.99058681726455688,
  "intrinsics" : [
    1480.244140625,
    0,
    965.5911865234375,
    0,
    1480.244140625,
    717.6693115234375,
    0,
    0,
    1
  ],
  "frame_index" : 2,
  "cameraGrain" : 0,
  "averageVelocity" : 0.010345662944018841,
  "exposureDuration" : 0.01666666753590107,
  "cameraPoseARFrame" : [
    0.065158598124980927,
    0.99780136346817017,
    -0.012121953070163727,
    0.034554813057184219,
    -0.71408540010452271,
    0.055109702050685883,
    0.69788599014282227,
    0.17960803210735321,
    0.69701963663101196,
    -0.036817129701375961,
    0.71610629558563232,
    0.17600275576114655,
    0,
    0,
    0,
    1.0000002384185791
  ],
  "time" : 297494.56780191674
}