{
  "cameraGrain" : 0,
  "frame_index" : 39,
  "intrinsics" : [
    1461.7958984375,
    0,
    965.88189697265625,
    0,
    1461.7958984375,
    717.5738525390625,
    0,
    0,
    1
  ],
  "cameraPoseARFrame" : [
    -0.54408872127532959,
    -0.59930086135864258,
    -0.58720177412033081,
    -0.18466952443122864,
    -0.74896818399429321,
    0.031471651047468185,
    0.66185802221298218,
    0.22070689499378204,
    -0.37817195057868958,
    0.79990494251251221,
    -0.46598076820373535,
    -0.11318311095237732,
    0,
    0,
    0,
    1
  ],
  "motionQuality" : 0.99650454521179199,
  "time" : 297513.93748554174,
  "exposureDuration" : 0.01666666753590107,
  "averageVelocity" : 0.0060877148061990738,
  "averageAngularVelocity" : 0,
  "projectionMatrix" : [
    1.522704005241394,
    0,
    -0.0066478252410888672,
    0,
    0,
    2.0302720069885254,
    -0.002675175666809082,
    0,
    0,
    0,
    -0.9999997615814209,
    -0.00099999981466680765,
    0,
    0,
    -1,
    0
  ]
}