{
  "averageVelocity" : 0,
  "cameraGrain" : 0,
  "exposureDuration" : 0.01666666753590107,
  "averageAngularVelocity" : 0.018524253740906715,
  "cameraPoseARFrame" : [
    0.067577265202999115,
    0.99771249294281006,
    0.001725816517136991,
    0.031994923949241638,
    -0.71769183874130249,
    0.047409076243638992,
    0.69474512338638306,
    0.18170224130153656,
    0.69307422637939453,
    -0.048187501728534698,
    0.7192540168762207,
    0.1771148294210434,
    0,
    0,
    0,
    1.0000001192092896
  ],
  "time" : 297495.10351429175,
  "motionQuality" : 0.99470734596252441,
  "frame_index" : 3,
  "projectionMatrix" : [
    1.541968822479248,
    0,
    -0.0063537359237670898,
    0,
    0,
    2.0559582710266113,
    -0.0024274587631225586,
    0,
    0,
    0,
    -0.9999997615814209,
    -0.00099999981466680765,
    0,
    0,
    -1,
    0
  ],
  "intrinsics" : [
    1480.2900390625,
    0,
    965.599609375,
    0,
    1480.2900390625,
    717.752197265625,
    0,
    0,
    1
  ]
}