{
  "exposureDuration" : 0.01666666753590107,
  "time" : 297525.47149875009,
  "cameraGrain" : 0,
  "frame_index" : 61,
  "intrinsics" : [
    1453.9791259765625,
    0,
    966.22723388671875,
    0,
    1453.9791259765625,
    717.51153564453125,
    0,
    0,
    1
  ],
  "averageAngularVelocity" : 0.13815553486347198,
  "motionQuality" : 0.96052700281143188,
  "averageVelocity" : 0,
  "projectionMatrix" : [
    1.5145615339279175,
    0,
    -0.0070074796676635742,
    0,
    0,
    2.0194153785705566,
    -0.0027617216110229492,
    0,
    0,
    0,
    -0.9999997615814209,
    -0.00099999981466680765,
    0,
    0,
    -1,
    0
  ],
  "cameraPoseARFrame" : [
    0.022253597155213356,
    0.99891006946563721,
    -0.041029423475265503,
    0.018855905160307884,
    -0.78211146593093872,
    0.042957756668329239,
    0.62165600061416626,
    0.26388537883758545,
    0.6227409839630127,
    0.018255574628710747,
    0.78221511840820312,
    0.28804647922515869,
    0,
    0,
    0,
    1.0000001192092896
  ]
}