{
  "projectionMatrix" : [
    1.5233534574508667,
    0,
    -0.006638646125793457,
    0,
    0,
    2.0311379432678223,
    -0.0030763149261474609,
    0,
    0,
    0,
    -0.9999997615814209,
    -0.00099999981466680765,
    0,
    0,
    -1,
    0
  ],
  "exposureDuration" : 0.01666666753590107,
  "cameraPoseARFrame" : [
    -0.58596265316009521,
    0.40073499083518982,
    -0.70431488752365112,
    -0.16779874265193939,
    -0.76103872060775757,
    0.026389157399535179,
    0.64816939830780029,
    0.22687698900699615,
    0.27833041548728943,
    0.91581398248672485,
    0.28951177000999451,
    0.15509876608848572,
    0,
    0,
    0,
    1.0000002384185791
  ],
  "averageVelocity" : 0.10840663313865662,
  "time" : 297519.13843870838,
  "motionQuality" : 0.92080086469650269,
  "intrinsics" : [
    1462.4193115234375,
    0,
    965.87310791015625,
    0,
    1462.4193115234375,
    717.2850341796875,
    0,
    0,
    1
  ],
  "frame_index" : 49,
  "averageAngularVelocity" : 0.27719706296920776,
  "cameraGrain" : 0
}