{
  "frame_index" : 35,
  "intrinsics" : [
    1460.1934814453125,
    0,
    965.95257568359375,
    0,
    1460.1934814453125,
    717.62921142578125,
    0,
    0,
    1
  ],
  "exposureDuration" : 0.01666666753590107,
  "time" : 297511.83731287508,
  "projectionMatrix" : [
    1.521034836769104,
    0,
    -0.0067213773727416992,
    0,
    0,
    2.0280466079711914,
    -0.0025982856750488281,
    0,
    0,
    0,
    -0.9999997615814209,
    -0.00099999981466680765,
    0,
    0,
    -1,
    0
  ],
  "cameraGrain" : 0,
  "averageVelocity" : 0,
  "cameraPoseARFrame" : [
    -0.53409737348556519,
    -0.61547267436981201,
    -0.57959771156311035,
    -0.19053208827972412,
    -0.75454205274581909,
    0.037806201726198196,
    0.65516173839569092,
    0.22681839764118195,
    -0.38132178783416748,
    0.78725099563598633,
    -0.4845922589302063,
    -0.12469316273927689,
    0,
    0,
    0,
    1.0000001192092896
  ],
  "averageAngularVelocity" : 0.022469846531748772,
  "motionQuality" : 0.99358004331588745
}