{
  "intrinsics" : [
    1470.1710205078125,
    0,
    965.828369140625,
    0,
    1470.1710205078125,
    717.50048828125,
    0,
    0,
    1
  ],
  "time" : 297498.76879320841,
  "motionQuality" : 0.86586487293243408,
  "averageVelocity" : 0,
  "averageAngularVelocity" : 0.46947291493415833,
  "exposureDuration" : 0.01666666753590107,
  "cameraPoseARFrame" : [
    0.57471877336502075,
    0.50523895025253296,
    0.64376401901245117,
    0.21297712624073029,
    -0.7388770580291748,
    -0.017805613577365875,
    0.67360490560531616,
    0.19518415629863739,
    0.35179412364959717,
    -0.86279577016830444,
    0.36307638883590698,
    0.084380574524402618,
    0,
    0,
    0,
    1.0000001192092896
  ],
  "projectionMatrix" : [
    1.5314280986785889,
    0,
    -0.0065920352935791016,
    0,
    0,
    2.0419042110443115,
    -0.002777099609375,
    0,
    0,
    0,
    -0.9999997615814209,
    -0.00099999981466680765,
    0,
    0,
    -1,
    0
  ],
  "frame_index" : 10,
  "cameraGrain" : 0
}