{
  "projectionMatrix" : [
    1.5192701816558838,
    0,
    -0.0068125724792480469,
    0,
    0,
    2.0256936550140381,
    -0.0029686689376831055,
    0,
    0,
    0,
    -0.9999997615814209,
    -0.00099999981466680765,
    0,
    0,
    -1,
    0
  ],
  "exposureDuration" : 0.01666666753590107,
  "cameraPoseARFrame" : [
    -0.54268985986709595,
    0.54019069671630859,
    -0.6431812047958374,
    -0.16937930881977081,
    -0.76457411050796509,
    -0.00069148448528721929,
    0.64453542232513428,
    0.230036661028862,
    0.34772723913192749,
    0.84154254198074341,
    0.41339105367660522,
    0.17892053723335266,
    0,
    0,
    0,
    1.0000001192092896
  ],
  "averageVelocity" : 0.016590207815170288,
  "time" : 297521.26976558339,
  "motionQuality" : 0.98522043228149414,
  "intrinsics" : [
    1458.4993896484375,
    0,
    966.0400390625,
    0,
    1458.4993896484375,
    717.362548828125,
    0,
    0,
    1
  ],
  "frame_index" : 53,
  "averageAngularVelocity" : 0.051728483289480209,
  "cameraGrain" : 0.0037371499929577112
}