{
  "exposureDuration" : 0.01666666753590107,
  "time" : 297526.50382237509,
  "cameraGrain" : 0,
  "frame_index" : 63,
  "intrinsics" : [
    1454.1243896484375,
    0,
    965.54290771484375,
    0,
    1454.1243896484375,
    717.3260498046875,
    0,
    0,
    1
  ],
  "averageAngularVelocity" : 0.45128893852233887,
  "motionQuality" : 0.87106031179428101,
  "averageVelocity" : 0.12183622270822525,
  "projectionMatrix" : [
    1.514712929725647,
    0,
    -0.0062947273254394531,
    0,
    0,
    2.0196173191070557,
    -0.0030193328857421875,
    0,
    0,
    0,
    -0.9999997615814209,
    -0.00099999981466680765,
    0,
    0,
    -1,
    0
  ],
  "cameraPoseARFrame" : [
    -0.039251059293746948,
    0.99922901391983032,
    -0.00081012729788199067,
    0.031164638698101044,
    -0.53229564428329468,
    -0.020223116502165794,
    0.8463168740272522,
    0.31981664896011353,
    0.84564810991287231,
    0.033650185912847519,
    0.53267914056777954,
    0.18743585050106049,
    0,
    0,
    0,
    1.0000001192092896
  ]
}