{
  "time" : 297501.93724087509,
  "projectionMatrix" : [
    1.5429327487945557,
    0,
    -0.006289362907409668,
    0,
    0,
    2.0572435855865479,
    -0.002787470817565918,
    0,
    0,
    0,
    -0.9999997615814209,
    -0.00099999981466680765,
    0,
    0,
    -1,
    0
  ],
  "frame_index" : 16,
  "intrinsics" : [
    1481.2154541015625,
    0,
    965.537841796875,
    0,
    1481.2154541015625,
    717.49298095703125,
    0,
    0,
    1
  ],
  "exposureDuration" : 0.01666666753590107,
  "averageAngularVelocity" : 0.25073137879371643,
  "averageVelocity" : 0.090708471834659576,
  "cameraGrain" : 0,
  "cameraPoseARFrame" : [
    0.60847944021224976,
    -0.491861492395401,
    0.62275600433349609,
    0.15693372488021851,
    -0.71251159906387329,
    0.0068988441489636898,
    0.7016262412071228,
    0.19199781119823456,
    -0.34939923882484436,
    -0.87064599990844727,
    -0.34625929594039917,
    -0.08835136890411377,
    0,
    0,
    0,
    1
  ],
  "motionQuality" : 0.92836248874664307
}