{
  "averageVelocity" : 0.13798868656158447,
  "cameraGrain" : 0,
  "cameraPoseARFrame" : [
    0.32379302382469177,
    0.89373564720153809,
    0.31047514081001282,
    0.11245112866163254,
    -0.72357457876205444,
    0.022487560287117958,
    0.68987971544265747,
    0.18205006420612335,
    0.60958832502365112,
    -0.44803005456924438,
    0.65396589040756226,
    0.16067418456077576,
    0,
    0,
    0,
    1.0000001192092896
  ],
  "exposureDuration" : 0.01666666753590107,
  "intrinsics" : [
    1477.9610595703125,
    0,
    965.7652587890625,
    0,
    1477.9610595703125,
    717.77484130859375,
    0,
    0,
    1
  ],
  "frame_index" : 7,
  "averageAngularVelocity" : 0.43878936767578125,
  "projectionMatrix" : [
    1.5395427942276001,
    0,
    -0.0065263509750366211,
    0,
    0,
    2.0527236461639404,
    -0.0023961067199707031,
    0,
    0,
    0,
    -0.9999997615814209,
    -0.00099999981466680765,
    0,
    0,
    -1,
    0
  ],
  "motionQuality" : 0.87463164329528809,
  "time" : 297497.20381045842
}