{
  "frame_index" : 45,
  "projectionMatrix" : [
    1.5186845064163208,
    0,
    -0.0067725181579589844,
    0,
    0,
    2.0249125957489014,
    -0.002720952033996582,
    0,
    0,
    0,
    -0.9999997615814209,
    -0.00099999981466680765,
    0,
    0,
    -1,
    0
  ],
  "averageVelocity" : 0,
  "exposureDuration" : 0.01666666753590107,
  "intrinsics" : [
    1457.9371337890625,
    0,
    966.0015869140625,
    0,
    1457.9371337890625,
    717.5408935546875,
    0,
    0,
    1
  ],
  "time" : 297517.03826204175,
  "cameraGrain" : 0,
  "averageAngularVelocity" : 0.14752554893493652,
  "motionQuality" : 0.95784986019134521,
  "cameraPoseARFrame" : [
    -0.53331750631332397,
    -0.5589832067489624,
    -0.63490974903106689,
    -0.21738907694816589,
    -0.7697635293006897,
    0.0094664748758077621,
    0.63825887441635132,
    0.23417596518993378,
    -0.35076570510864258,
    0.82912486791610718,
    -0.43533366918563843,
    -0.11575159430503845,
    0,
    0,
    0,
    1.0000001192092896
  ]
}