{
  "motionQuality" : 0.88992166519165039,
  "projectionMatrix" : [
    1.5344120264053345,
    0,
    -0.0065370798110961914,
    0,
    0,
    2.0458827018737793,
    -0.0028755664825439453,
    0,
    0,
    0,
    -0.9999997615814209,
    -0.00099999981466680765,
    0,
    0,
    -1,
    0
  ],
  "exposureDuration" : 0.01666666753590107,
  "cameraPoseARFrame" : [
    0.67971199750900269,
    0.2366744726896286,
    0.69424563646316528,
    0.19090959429740906,
    -0.71832042932510376,
    0.023356862366199493,
    0.69532018899917603,
    0.18952108919620514,
    0.14834921061992645,
    -0.97130823135375977,
    0.18588410317897797,
    0.034804198890924454,
    0,
    0,
    0,
    1.0000001192092896
  ],
  "averageAngularVelocity" : 0.38527423143386841,
  "intrinsics" : [
    1473.0355224609375,
    0,
    965.77557373046875,
    0,
    1473.0355224609375,
    717.42962646484375,
    0,
    0,
    1
  ],
  "time" : 297499.80375054176,
  "frame_index" : 12,
  "averageVelocity" : 0.059442728757858276,
  "cameraGrain" : 0
}