{
  "motionQuality" : 0.85804092884063721,
  "exposureDuration" : 0.01666666753590107,
  "cameraGrain" : 0,
  "projectionMatrix" : [
    1.5275043249130249,
    0,
    -0.0063468217849731445,
    0,
    0,
    2.0366723537445068,
    -0.0025615692138671875,
    0,
    0,
    0,
    -0.9999997615814209,
    -0.00099999981466680765,
    0,
    0,
    -1,
    0
  ],
  "intrinsics" : [
    1466.4041748046875,
    0,
    965.5928955078125,
    0,
    1466.4041748046875,
    717.65570068359375,
    0,
    0,
    1
  ],
  "averageAngularVelocity" : 0.49685686826705933,
  "time" : 297509.23556950007,
  "averageVelocity" : 0.17520856857299805,
  "cameraPoseARFrame" : [
    -0.43446588516235352,
    -0.81731796264648438,
    -0.37845820188522339,
    -0.12980462610721588,
    -0.728340744972229,
    0.071617491543292999,
    0.68146198987960815,
    0.21962554752826691,
    -0.52986705303192139,
    0.57171851396560669,
    -0.62640148401260376,
    -0.14251430332660675,
    0,
    0,
    0,
    1
  ],
  "frame_index" : 30
}