{
  "projectionMatrix" : [
    1.5419408082962036,
    0,
    -0.0064002275466918945,
    0,
    0,
    2.0559210777282715,
    -0.0025868415832519531,
    0,
    0,
    0,
    -0.9999997615814209,
    -0.00099999981466680765,
    0,
    0,
    -1,
    0
  ],
  "averageAngularVelocity" : 0.02667638473212719,
  "motionQuality" : 0.99237817525863647,
  "intrinsics" : [
    1480.26318359375,
    0,
    965.64422607421875,
    0,
    1480.26318359375,
    717.63751220703125,
    0,
    0,
    1
  ],
  "frame_index" : 4,
  "cameraGrain" : 0,
  "averageVelocity" : 0.006586423609405756,
  "exposureDuration" : 0.01666666753590107,
  "cameraPoseARFrame" : [
    0.065829277038574219,
    0.99782431125640869,
    0.0036284171510487795,
    0.03270316869020462,
    -0.72019726037979126,
    0.044995971024036407,
    0.69230854511260986,
    0.18304584920406342,
    0.69063907861709595,
    -0.048187226057052612,
    0.72159242630004883,
    0.17998296022415161,
    0,
    0,
    0,
    1.0000002384185791
  ],
  "time" : 297495.63664820843
}