{
  "frame_index" : 34,
  "intrinsics" : [
    1460.6180419921875,
    0,
    965.8970947265625,
    0,
    1460.6180419921875,
    717.69622802734375,
    0,
    0,
    1
  ],
  "exposureDuration" : 0.01666666753590107,
  "time" : 297511.33633862506,
  "projectionMatrix" : [
    1.5214771032333374,
    0,
    -0.0066636800765991211,
    0,
    0,
    2.0286362171173096,
    -0.002505183219909668,
    0,
    0,
    0,
    -0.9999997615814209,
    -0.00099999981466680765,
    0,
    0,
    -1,
    0
  ],
  "cameraGrain" : 0,
  "averageVelocity" : 0.0053234207443892956,
  "cameraPoseARFrame" : [
    -0.53353369235992432,
    -0.62102383375167847,
    -0.5741698145866394,
    -0.19240032136440277,
    -0.75444388389587402,
    0.042592640966176987,
    0.65498089790344238,
    0.22561429440975189,
    -0.38230347633361816,
    0.78263330459594727,
    -0.49125242233276367,
    -0.12791664898395538,
    0,
    0,
    0,
    1.0000001192092896
  ],
  "averageAngularVelocity" : 0,
  "motionQuality" : 0.99270546436309814
}