{
  "motionQuality" : 0.95202100276947021,
  "exposureDuration" : 0.01666666753590107,
  "averageAngularVelocity" : 0.16792649030685425,
  "frame_index" : 21,
  "intrinsics" : [
    1469.578369140625,
    0,
    965.7491455078125,
    0,
    1469.578369140625,
    717.5362548828125,
    0,
    0,
    1
  ],
  "averageVelocity" : 0.038290306925773621,
  "cameraGrain" : 0,
  "time" : 297504.56901945837,
  "projectionMatrix" : [
    1.5308108329772949,
    0,
    -0.0065095424652099609,
    0,
    0,
    2.0410809516906738,
    -0.0027273893356323242,
    0,
    0,
    0,
    -0.9999997615814209,
    -0.00099999981466680765,
    0,
    0,
    -1,
    0
  ],
  "cameraPoseARFrame" : [
    0.13116009533405304,
    -0.96131718158721924,
    0.24221113324165344,
    0.067971669137477875,
    -0.71896982192993164,
    0.07597670704126358,
    0.69087612628936768,
    0.20972718298435211,
    -0.68255352973937988,
    -0.26475793123245239,
    -0.68119305372238159,
    -0.18748006224632263,
    0,
    0,
    0,
    1
  ]
}