{
  "averageAngularVelocity" : 0.19025303423404694,
  "motionQuality" : 0.94564199447631836,
  "averageVelocity" : 0,
  "projectionMatrix" : [
    1.5402477979660034,
    0,
    -0.0064470767974853516,
    0,
    0,
    2.0536637306213379,
    -0.0029042959213256836,
    0,
    0,
    0,
    -0.9999997615814209,
    -0.00099999981466680765,
    0,
    0,
    -1,
    0
  ],
  "cameraGrain" : 0,
  "frame_index" : 15,
  "cameraPoseARFrame" : [
    0.68498975038528442,
    -0.26903221011161804,
    0.67706048488616943,
    0.16866272687911987,
    -0.69960808753967285,
    0.016448359936475754,
    0.71433734893798828,
    0.1889507919549942,
    -0.20331631600856781,
    -0.96299076080322266,
    -0.17695017158985138,
    -0.053809698671102524,
    0,
    0,
    0,
    1.0000001192092896
  ],
  "time" : 297501.40408216673,
  "intrinsics" : [
    1478.637939453125,
    0,
    965.68914794921875,
    0,
    1478.637939453125,
    717.40887451171875,
    0,
    0,
    1
  ],
  "exposureDuration" : 0.01666666753590107
}