{
  "exposureDuration" : 0.01666666753590107,
  "frame_index" : 52,
  "averageVelocity" : 0.013647436164319515,
  "averageAngularVelocity" : 0.032791689038276672,
  "projectionMatrix" : [
    1.5193419456481934,
    0,
    -0.0067703723907470703,
    0,
    0,
    2.0257892608642578,
    -0.002783656120300293,
    0,
    0,
    0,
    -0.9999997615814209,
    -0.00099999981466680765,
    0,
    0,
    -1,
    0
  ],
  "cameraPoseARFrame" : [
    -0.54419755935668945,
    0.52909260988235474,
    -0.65108388662338257,
    -0.17506413161754608,
    -0.76571714878082275,
    0.0038808917161077261,
    0.64316564798355103,
    0.22936262190341949,
    0.34282097220420837,
    0.84855526685714722,
    0.403023362159729,
    0.18336391448974609,
    0,
    0,
    0,
    1.0000001192092896
  ],
  "intrinsics" : [
    1458.5682373046875,
    0,
    965.99951171875,
    0,
    1458.5682373046875,
    717.49578857421875,
    0,
    0,
    1
  ],
  "motionQuality" : 0.99063092470169067,
  "time" : 297520.73818316672,
  "cameraGrain" : 0
}