{
  "time" : 297499.27027170837,
  "intrinsics" : [
    1469.9951171875,
    0,
    965.91448974609375,
    0,
    1469.9951171875,
    717.0472412109375,
    0,
    0,
    1
  ],
  "motionQuality" : 0.93403810262680054,
  "averageVelocity" : 0,
  "averageAngularVelocity" : 0.23086661100387573,
  "exposureDuration" : 0.01666666753590107,
  "cameraPoseARFrame" : [
    0.62993717193603516,
    0.41917774081230164,
    0.65381139516830444,
    0.20471996068954468,
    -0.72619539499282837,
    0.019441969692707062,
    0.68721336126327515,
    0.18674032390117645,
    0.27535319328308105,
    -0.90769606828689575,
    0.31665223836898804,
    0.066981829702854156,
    0,
    0,
    0,
    1.0000001192092896
  ],
  "projectionMatrix" : [
    1.5312448740005493,
    0,
    -0.0066817998886108398,
    0,
    0,
    2.0416598320007324,
    -0.0034066438674926758,
    0,
    0,
    0,
    -0.9999997615814209,
    -0.00099999981466680765,
    0,
    0,
    -1,
    0
  ],
  "frame_index" : 11,
  "cameraGrain" : 0
}