{
  "intrinsics" : [
    1462.3465576171875,
    0,
    965.8155517578125,
    0,
    1462.3465576171875,
    717.533203125,
    0,
    0,
    1
  ],
  "frame_index" : 32,
  "averageAngularVelocity" : 0.077952712774276733,
  "averageVelocity" : 0,
  "motionQuality" : 0.97772777080535889,
  "time" : 297510.2692584584,
  "cameraPoseARFrame" : [
    -0.55262124538421631,
    -0.61763077974319458,
    -0.55959105491638184,
    -0.1879580020904541,
    -0.73526680469512939,
    0.045153692364692688,
    0.67627197504043579,
    0.21783913671970367,
    -0.39241883158683777,
    0.78517091274261475,
    -0.47907638549804688,
    -0.11614405363798141,
    0,
    0,
    0,
    1.0000001192092896
  ],
  "cameraGrain" : 0,
  "exposureDuration" : 0.01666666753590107,
  "projectionMatrix" : [
    1.5232776403427124,
    0,
    -0.0065786838531494141,
    0,
    0,
    2.0310368537902832,
    -0.0027316808700561523,
    0,
    0,
    0,
    -0.9999997615814209,
    -0.00099999981466680765,
    0,
    0,
    -1,
    0
  ]
}