{
  "projectionMatrix" : [
    1.5145336389541626,
    0,
    -0.0068809986114501953,
    0,
    0,
    2.0193781852722168,
    -0.0028306245803833008,
    0,
    0,
    0,
    -0.9999997615814209,
    -0.00099999981466680765,
    0,
    0,
    -1,
    0
  ],
  "exposureDuration" : 0.01666666753590107,
  "averageAngularVelocity" : 0.23867945373058319,
  "averageVelocity" : 0.070017635822296143,
  "frame_index" : 60,
  "cameraPoseARFrame" : [
    -0.0041659902781248093,
    0.99869364500045776,
    -0.050927687436342239,
    0.017307987436652184,
    -0.79396986961364746,
    0.027658253908157349,
    0.60732764005661011,
    0.26360788941383362,
    0.60794281959533691,
    0.042965248227119446,
    0.79281747341156006,
    0.28416538238525391,
    0,
    0,
    0,
    1.0000001192092896
  ],
  "cameraGrain" : 0,
  "intrinsics" : [
    1453.9522705078125,
    0,
    966.105712890625,
    0,
    1453.9522705078125,
    717.4619140625,
    0,
    0,
    1
  ],
  "time" : 297524.93913987506,
  "motionQuality" : 0.93180584907531738
}