{
  "time" : 297522.83826325007,
  "motionQuality" : 0.90430986881256104,
  "frame_index" : 56,
  "averageVelocity" : 0.065247401595115662,
  "projectionMatrix" : [
    1.5200591087341309,
    0,
    -0.0067092180252075195,
    0,
    0,
    2.0267453193664551,
    -0.0027878284454345703,
    0,
    0,
    0,
    -0.9999997615814209,
    -0.00099999981466680765,
    0,
    0,
    -1,
    0
  ],
  "cameraPoseARFrame" : [
    -0.52529168128967285,
    0.58382636308670044,
    -0.61904412508010864,
    -0.15683281421661377,
    -0.76377356052398682,
    -0.0027825473807752132,
    0.64547812938690186,
    0.22929461300373077,
    0.37512460350990295,
    0.81187385320663452,
    0.44737279415130615,
    0.18799234926700592,
    0,
    0,
    0,
    1.0000001192092896
  ],
  "averageAngularVelocity" : 0.3349153995513916,
  "exposureDuration" : 0.01666666753590107,
  "cameraGrain" : 0,
  "intrinsics" : [
    1459.2567138671875,
    0,
    965.94085693359375,
    0,
    1459.2567138671875,
    717.49273681640625,
    0,
    0,
    1
  ]
}