{
  "time" : 297508.7023030417,
  "cameraPoseARFrame" : [
    -0.23264928162097931,
    -0.95222651958465576,
    -0.197835773229599,
    -0.064421258866786957,
    -0.70882534980773926,
    0.026735015213489532,
    0.70487713813781738,
    0.21410368382930756,
    -0.66591358184814453,
    0.30422011017799377,
    -0.68118232488632202,
    -0.16144950687885284,
    0,
    0,
    0,
    1.0000001192092896
  ],
  "averageAngularVelocity" : 0.2271827757358551,
  "cameraGrain" : 0,
  "frame_index" : 29,
  "averageVelocity" : 0.042062621563673019,
  "exposureDuration" : 0.01666666753590107,
  "projectionMatrix" : [
    1.5273846387863159,
    0,
    -0.0064795017242431641,
    0,
    0,
    2.0365128517150879,
    -0.0030102729797363281,
    0,
    0,
    0,
    -0.9999997615814209,
    -0.00099999981466680765,
    0,
    0,
    -1,
    0
  ],
  "motionQuality" : 0.93509066104888916,
  "intrinsics" : [
    1466.289306640625,
    0,
    965.72027587890625,
    0,
    1466.289306640625,
    717.33258056640625,
    0,
    0,
    1
  ]
}