{
  "projectionMatrix" : [
    1.5204054117202759,
    0,
    -0.0067107677459716797,
    0,
    0,
    2.0272073745727539,
    -0.0028852224349975586,
    0,
    0,
    0,
    -0.9999997615814209,
    -0.00099999981466680765,
    0,
    0,
    -1,
    0
  ],
  "exposureDuration" : 0.01666666753590107,
  "cameraPoseARFrame" : [
    -0.54660230875015259,
    0.51264005899429321,
    -0.66213768720626831,
    -0.17912578582763672,
    -0.76482605934143066,
    0.016347447410225868,
    0.64402931928634644,
    0.23079217970371246,
    0.34097942709922791,
    0.85844814777374268,
    0.38314488530158997,
    0.18460331857204437,
    0,
    0,
    0,
    1.0000001192092896
  ],
  "averageVelocity" : 0,
  "time" : 297520.20507375005,
  "motionQuality" : 0.98321539163589478,
  "intrinsics" : [
    1459.5892333984375,
    0,
    965.94232177734375,
    0,
    1459.5892333984375,
    717.42266845703125,
    0,
    0,
    1
  ],
  "frame_index" : 51,
  "averageAngularVelocity" : 0,
  "cameraGrain" : 0
}