{
  "time" : 297502.4697129167,
  "projectionMatrix" : [
    1.5383594036102295,
    0,
    -0.0064641237258911133,
    0,
    0,
    2.0511460304260254,
    -0.0030102729797363281,
    0,
    0,
    0,
    -0.9999997615814209,
    -0.00099999981466680765,
    0,
    0,
    -1,
    0
  ],
  "frame_index" : 17,
  "intrinsics" : [
    1476.8250732421875,
    0,
    965.70556640625,
    0,
    1476.8250732421875,
    717.3326416015625,
    0,
    0,
    1
  ],
  "exposureDuration" : 0.01666666753590107,
  "averageAngularVelocity" : 0.1012551560997963,
  "averageVelocity" : 0.027219755575060844,
  "cameraGrain" : 0,
  "cameraPoseARFrame" : [
    0.52583587169647217,
    -0.62754863500595093,
    0.57417702674865723,
    0.14495915174484253,
    -0.72155708074569702,
    0.028333369642496109,
    0.69177484512329102,
    0.20154576003551483,
    -0.45039081573486328,
    -0.77806156873703003,
    -0.43791353702545166,
    -0.11708351969718933,
    0,
    0,
    0,
    1
  ],
  "motionQuality" : 0.97106993198394775
}