{
  "projectionMatrix" : [
    1.5239150524139404,
    0,
    -0.006586909294128418,
    0,
    0,
    2.0318868160247803,
    -0.0032993555068969727,
    0,
    0,
    0,
    -0.9999997615814209,
    -0.00099999981466680765,
    0,
    0,
    -1,
    0
  ],
  "frame_index" : 48,
  "averageVelocity" : 0.16083693504333496,
  "exposureDuration" : 0.01666666753590107,
  "intrinsics" : [
    1462.95849609375,
    0,
    965.82342529296875,
    0,
    1462.95849609375,
    717.12445068359375,
    0,
    0,
    1
  ],
  "time" : 297518.60476041673,
  "cameraGrain" : 0,
  "averageAngularVelocity" : 0.32012942433357239,
  "motionQuality" : 0.9085344672203064,
  "cameraPoseARFrame" : [
    -0.68513846397399902,
    0.065942354500293732,
    -0.72542190551757812,
    -0.18559889495372772,
    -0.72756582498550415,
    -0.013941051438450813,
    0.68589609861373901,
    0.22502242028713226,
    0.035116385668516159,
    0.99772602319717407,
    0.05752885714173317,
    0.064877673983573914,
    0,
    0,
    0,
    1.0000001192092896
  ]
}